,0
0,9X_9GJk8Q7E
1,RcHekLUOezM
2,rnlwvGKI2GI
3,L2f8FOcoYUM
4,2ZQjcOnBMMU
5,9jdwwCKLu_s
6,QXXRPwOA-ww
7,cFTGQR7KDpo
8,YTdsQGekWnM
9,qeTiN_NEqM8
10,MDWBl1qOxRQ
11,Yu8Z_TkrbBI
12,0Gab4V3TQuE
13,llnQ4QtQRYs
14,STTTGaX4SnE
15,PFbHEFQmbeM
16,N_rq7-s5N6o
17,ovZ3d2GY3_8
18,ZcLK6xeyjKA
19,C4b0GOAj82Q
20,LvMG8p-B2tc
21,Nod7_r6HL9M
22,546hMzSRNn8
23,oP-8kAgg9nk
24,xTk5SU6URkg
25,F6J8GW3AIqg
26,_e4_-YUy0Cw
27,8fC7KXsVgRI
28,on0ZcGRa-Xw
29,2LbhZDPxm1w
30,B4ICRzU6TcI
31,ACSVqlQGtwo
32,mCZifaW6haM
33,MwQlOyizb4g
34,sUnZgsZxVmI
35,pV-J18k6H2Q
36,N2Mz8EicsS8
37,rCRX-sivMJk
38,MHM68sy_Ruw
39,DLHDzLj1p4Q
40,HIAdDnoXzjU
41,X3gWjQd_PlI
42,_weBRg39jJA
43,-6Dtkobqo44
44,wSM9Qnp98F4
45,_lQEgx3TX4s
46,WuUx73EDvc8
47,L6nx2EAI1Fo
48,IKz1F5xSOgo
49,XSHveGpF8Io
50,Z1DKBibXFEc
51,NmqILxizLEY
52,8i0NXw1aMIY
53,Z5xq6s_aQ_U
54,RDgUD0PudIA
55,jcBm4KePtrA
56,hIjaaZBpyK4
57,Btcut3kKAMs
58,bLMGT7XAv6I
59,mCA0z06lH7c
60,2HDjL5aWSw0
61,pLG2rf1oTaA
62,I7EQjhMXhg0
63,bDHE5xw6i3E
64,dnrQpbNQc54
65,5urA0SmRpvg
66,B1_ar57CWA8
67,Fx8-AVeO9SM
68,jhYQqTISa8g
69,hsMHLxPpHEA
70,4vLM5VmNt9M
71,x7zp4TpuLYU
72,PciOaAeyDvE
73,fCa87nB31T0
74,8J30jk4oj3M
75,HJ29zLQmt9A
76,cfOYbj6WKZg
77,_08OH5Sjt04
78,ROm0s9lbeQ0
79,rXJwNWde9Io
80,sSstNS4EwWs
81,Wje8mxFCQxw
82,A0qCNSmFf6w
83,uIecAzABy2Q
84,PvF4TyEcTCY
85,SnOFTdFAuNQ
86,cG-DuSTRBss
87,Xe0nQFXZjq8
88,0LeSj3tD2tI
89,HJJii4EwNYE
90,k_u5zxmnY3o
91,OnLA04vx4jo
92,pDMzHdXKTTU
93,d3qv6VEdz0g
94,KgMBhIngxNA
95,D0FoSd1Q4UY
96,mSDzW9VYtrY
97,egHOqi_Cviw
98,ooKjtJyOzB4
99,hlOvMlzldE4
100,x-aROTh7qW8
101,Ku5_l1p6dCs
102,er96UKxV-Uc
103,6L1upFOKB1s
104,W0gseo_9vqE
105,DRoiE8vBwRg
106,3xNgOzyGhN0
107,p8j44xhmOi8
108,Cj1fwbHAANw
109,s_QAG3XZlN8
110,C8R_T-MimI8
111,AYsaRaH7Lf0
112,IGUBUrpQnRY
113,DIAwKoS3oHg
114,7IO4zsRWg7g
115,vQpan6BYSKg
116,JWVyx7_OTGY
117,sxhD0OjB4HM
118,wi3iWlhqj4E
119,iSecmYJkPgM
120,ISOQEWuUXxs
121,WfpQpKCkIg0
122,J1K9vwI9Af8
123,VPAhAwU-AzQ
124,qru-ohETZrk
125,vvBet3QLLKY
126,31qgESQPxeY
127,2jAqi-T2NHU
128,yLGi6AG_lLk
129,kmpQ4aRV5WM
130,JgdmyUrpcMY
131,3E0U4wsHLlA
132,cLE64h3riOE
133,PcDgsjM1MYM
134,Ed3LLA71ln4
135,PUHOg7IhBJ8
136,BQCaIWdECog
137,Pf_29gxy-LE
138,sQUlMFVu7j8
139,8nozz7d4bWE
140,ZBCyt7F-fMg
141,HvbH8L0U1Fw
142,IuZ4udsJd1M
143,ukQaAGpacCs
144,fKz2qn7eXQQ
145,N_yS8wN0td8
146,CwaoXkVCT4Y
147,DBETI2EFgp4
148,-xFRCL-JcAc
149,tr8AE3CeG_E
150,y6zjUesIYNs
151,-NK-Dbd2U5U
152,veg8xF86xcA
153,pPg53Jjz4Pc
154,QbU6fFYlT4Y
155,5BUdRrhlc0k
156,5TL4dNXUDKs
157,cp9Eanp2ybo
158,YMcReYJrPe4
159,0N8eDKY348w
160,fB78jkaHTcg
161,K590GeR0uC8
162,_VbwWWetyBs
163,ArozQQ4m7Eo
164,D3X_fyhNqjc
165,YwjCedDAFs0
166,dS8whomqsvY
167,vI_nLApDtow
168,sSyj4f8WMQk
169,4lEfk-IJU_0
170,I-T3W6zzN18
171,f2AtPpJWjWc
172,g1RFFJSCL9E
173,gBlNKxguvpU
174,pTlkzN_aK4o
175,dtPnmXv7W28
176,Ys84y8X4gFQ
177,2ffERoCRtP8
178,owS4ZjSptNc
179,Djr5G8Svk4U
180,DF_BaWrxY24
181,1yCcI7IZO9w
182,0v_lec760Xk
183,aLmbBrvcE-s
184,hhgAT55lnDs
185,LsJzj7a-BpQ
186,jkh5SUjpsxY
187,DWybXsAeAsE
188,pvuMwjTMnzY
189,cC3AWsR7lCg
190,BF0wVbswJV4
191,2GcKfOQ1aJQ
192,ILkPuug-pzU
193,T3j2J5IzxJ8
194,j8IQSPNUJRw
195,JIpIjFPwofI
196,r1p94f4Zk5Y
197,AbcjMeyn7IE
198,thsWrPlTCHU
199,af-8G36PDR0
200,OGyA1EDq1oo
201,1gno8GEWYUA
202,j6DZaYP7C5I
203,BLOxbvbdxoo
204,6D--3oZ5-YY
205,pqLOgN5ejcw
206,a0aD1Q8tiBA
207,yFxm61SjsFA
208,7gBdFLB7Z5s
209,T3fW9rARIwY
210,uFhniFw083g
211,Pk4__PmeyK4
212,3wgpvfdjQ_k
213,Ougl4vX9MZ8
214,pLVXrpSuCWc
215,Gmsj0id9ses
216,hovyLpqEH6A
217,8AcbdrLzv5k
218,ylRA3vuStjE
219,LPLIP-n9Zxs
220,lNDCDzIqAx8
221,2ovr6B-wczU
222,JijyISunU6w
223,G4SyZ2zpwLY
224,pX3SEAy5_84
225,CTD6VXp-cos
226,JRIZCwVdUAM
227,has2WU5FsDo
228,AdoITMK0pkY
229,KoPhBz7d3KI
230,PvM5D6_HtTg
231,11V0YvPrRGc
232,nqHAVEW3a-Y
233,orzaRIlWk-0
234,IOwXDbTxSGQ
235,j5ANSr6RQRY
236,nlxMtQDgOoI
237,BzRqsceRZKA
238,e_jF5qHq36k
239,-VieCFkW1YA
240,rPPPdoU9GCg
241,8o-3-eGV0MM
242,bLHmu9_MvJ4
243,_j1YP-pEFgs
244,aLpw9a5SszQ
245,mmiXfrCUuG4
246,3_TrSrJPL5U
247,MQrj5Usij9U
248,lSAYnVvt1Io
249,Yci0_BmLUV8
250,nL2Em04idLE
251,7pUaCyzyt3c
252,VOavXlbbEx4
253,J9O8g7SVtZc
254,4ojtzUSSZZs
255,KT5Vu2mInP8
256,wFqRbP4qXeo
257,Ku2mQah5Jw4
258,9ZwyDiNUv0g
259,UOxPdv0aqPI
260,hIrtQE9LVps
261,5g8RQ0SSoXM
262,rLgGMY-dj8M
263,8X-kZPjC7rs
264,FBiY6U_cPI4
265,esXpTbg70rg
266,bcCt3COs85o
267,bTIaXyJk3Tk
268,1yrqstr2Dmg
269,0Po8W0poD-Y
270,8MzkVI3szOQ
271,lZrynkSZ9DY
272,jN1WMECeh9Q
273,I8z2bXikuDQ
274,sbp_YGMWPH4
275,scZ-dYLQMN4
276,Vgfz1XBcvtM
277,u0iWDKLhOiI
278,psu_JL9gELo
279,FJBTMZezcnE
280,80fe94TjSVE
281,zzUUr2j7KjM
282,FAk6nkHmYdY
283,aB-R-OQkMnI
284,O9FlUchP3VQ
285,7VeImDE1i5Q
286,Gs9rGlwviUk
287,DUE-cNZ8iQU
288,ErUWdPvWePo
289,fqJr8Pknk_4
290,nQ1AJaT43lg
291,S4qFip4NS1k
292,oowEYst6eiY
293,8UbcKC2joPU
294,t-9b8A3DEjM
295,mraQE-lNvn4
296,R9xn7kdEgAw
297,Nf6OPTgznrQ
298,zJ-w8DcTx6k
299,RUdRAEkD30w
300,q8wR2mZ2aqE
301,dMhpBSwHcC4
302,q2OcRKif5D4
303,J8o6gfpzfZs
304,rp5gIAwRmA8
305,gDyLeeetZ_0
306,rU4tZP8YpeA
307,cI6-N3N6G2I
308,jm3Y6ME7CvM
309,Pv8qHv2ne7Q
310,q19vzdMkWNc
311,GnPVB4xjU94
312,caFkNoxCMUA
313,MIGe8fD0rjY
314,yQbv5EdY2Xs
315,BqvGDpp0MBU
316,KFyea7-58Io
317,TovDRnqUqFQ
318,yW6JNhPmLRU
319,0QCNiopZZmM
320,sTAn0C9c-2k
321,-tX8V29bdFo
322,ER8_4EzLgLI
323,yE5pSEBu4Kk
324,TM_f7jvGXMk
325,CXdoklm82A8
326,dHDfjp-EPC0
327,DA7kP2ZODfY
328,iLGKtBUBAt4
329,esZ8zrqnIhM
330,qto47fjD9tA
331,85GK1T_LbY0
332,kQ7a5sU77lY
333,X9IHKR80tEE
334,PCbt54DKrMo
335,6OX_sRM7Bm4
336,2KhghjWlnvs
337,J9NzOfBEkOw
338,_WKRqsOFj-8
339,dVSGUweCkIg
340,GBoTK9swxLQ
341,yAcfKoPXieA
342,rZlFKHtjN0Q
343,QGDIrDHbqrM
344,uJz_jdKkoOo
345,M-poz-XkGI0
346,k9csPSSLMIU
347,W_7JSlAiiL4
348,RQwr0MSkEFw
349,Ot6TtQfeNE0
350,1xI3xXux02M
351,LVl2j-C7jhg
352,2gFQ6qhWea8
353,Kn6r0eCemXY
354,E2FiM31qb7k
355,Gt3tVlYrIs0
356,o1mF6VEuHlc
357,ziy5ELzY--A
358,c-p2zYAvDcc
359,BpABXJNsLeM
360,wWiq-g-zWN0
361,5djWalaPSdQ
362,GF4q0v-iRhw
363,MXsMViaT_6I
364,V5wrheCa4BI
365,uA618cRVvVs
366,fHuofiHqKSQ
367,NMnIiZa-GLk
368,A1ck1mlAgq0
369,NBTb0IFJKLQ
370,SXUIlv-_F4M
371,ttd3onLZiFA
372,6bwkzlbTcgI
373,2g71osk8izE
374,7ipWI0IcH7c
375,Cp-cIR-OX4M
376,s6alxnsl_2A
377,vyHJtcJjy0k
378,GAvA90Z3we8
379,jt3JsY1E_84
380,lYVlgtPO2zI
381,iHlgIzXHE8c
382,pmQHtdWm4C4
383,EhGT2leMC8k
384,jMKVy4RGdzQ
385,RneVyq5cBdU
386,QyZ3CbJiy0U
387,JJZV1XbRjh4
388,6-1HaBvpztU
389,TUlULR36L9A
390,AVHqX5vva_s
391,9cgoC60i1s4
392,516rtZQAnB0
393,9540EzKBg3s
394,ymJpqxbc1Qs
395,VklR_Upu7Io
396,vth5eRQQ0Yc
397,4AyflkrE2oo
398,RMw_oFkCmUk
399,gL1oKVQPzVo
400,K89_E1eCZYU
401,7tj7W5g7BJk
402,1lBaaOSb6A0
403,YGDfMsAe8MA
404,_D6jKXS3pCQ
405,i3f6Cxkwlqk
406,e3ecQTQjvaE
407,BqRm5o3IAQI
408,goaezQjUZ_c
409,mYW1npnOmOU
410,tOSO1nk3mjM
411,rkeuIB5wODE
412,UattAE7k6Rk
413,FRyhX31kfPk
414,YUSRR7LlNXc
415,wY8VOjboswo
416,yu-7Kal01DA
417,4iGhmHDhZGA
418,hfMAlxzmxBk
419,CmlX6NYbP8Y
420,SVav5GpWsto
421,G99bA1DPUN8
422,nWOhNqTmICE
423,la2VernvT-s
424,GhHR5tGSGZE
425,CAzU1KFjGEk
426,jW9IJA2Azw0
427,hcABpQq8LtA
428,ePSrDMaD8Hw
429,MYh7oZMX2Z8
430,Gqii9Ui31uo
431,T7_U9HrUl9M
432,cUFDg-EEafU
433,xFXXsLzqs2c
434,68b-WBOyMPQ
435,zyQgCy3Bhw0
436,6ueYRznplTs
437,YNvgHptKFAw
438,q5R-H_5Ksk0
439,TJBFg26cNi4
440,YmXN93lb68I
441,8ae3sAOcg3A
442,SSBeXL4jAzI
443,ru3QViB4OjY
444,5y0ZSjwtvtE
445,yTiZkui4BcY
446,glXPhw3OnW4
447,LLfdjl2DYho
448,uVHcBOp13Xs
449,lZvuXSUAapE
450,jCV4bUOYA9U
451,q0H4mws3xvU
452,O8Hx2nizD7U
453,J3pbZtNwo2s
454,TlUp_A9Smt8
455,ROszbGDWBeA
456,KNFe5D4sQTg
457,cH50JWsvWbI
458,C5oRWYfEGqc
459,FCT6GH3okMw
460,2T6sVfnuB1I
461,OMjlah2ckCw
462,v5AK4ke0saQ
463,OTOVCkLovGQ
464,Ov_AG9oU4JU
465,BcKuocxb45I
466,-FqN87ANyQo
467,KB8U7DWvCLI
468,Lt-h7mkKd0o
469,EVxJFxsUlI4
470,UWGToft7mWQ
471,sTQ4q0qoxq8
472,GRMMnIda0yo
473,NBBXGyCCgjo
474,D-13FBhFv9c
475,lGSKcExmKwY
476,wXyFo9sh_sE
477,O1HiiIUxdvo
478,YE8qr2fpBXs
479,VORGZ7GIhQo
480,r1GeINFrEe0
481,qsSN20ykEF8
482,8XqIZSOLNIw
483,6qJbMy1_SDc
484,DsZDMCkwwBw
485,mIz61ghQI5k
486,HFVNBQE-QP0
487,J_uiWk04a-g
488,gvj73WR_zE0
489,HTpIWHw5Wf0
490,-gdGK3LSif4
491,LVFA8XrugUU
492,cgsHSe5P5rs
493,ezS3_oYs05k
494,Gagf9LUZvHA
495,2GbVkMtRJQs
496,I4W0fTKVT3s
497,9fV4wCUbCo0
498,mc6_GDIuPUY
499,ewFMDkrPmEI
500,ewFMDkrPmEI
501,JGwrFE2InpE
502,0WaULKZDlb0
503,VWhf3t5Vgck
504,ufEPfZhwtqI
505,5l1EAegeMbk
506,EUVUvUIavYg
507,2bL0QTSFkTA
508,tYINy_8Lav8
509,nvvgQtVv8Gc
510,B6Cpv4VuCaU
511,WQw0DccYmBo
512,_jgsgy_g50g
513,ORWxyu52mVU
514,-vK-uuRwvWQ
515,XKdBCbIUPKQ
516,iLqFyYqgW1s
517,Ql1MgCE0xPc
518,V_mt5RaP7Vw
519,YMOl9bOHVJE
520,ZKPHLTHj650
521,Ba1wxsfM8kQ
522,SzoBLBimnGQ
523,MQXJEmngztU
524,-12g0KG_PSc
525,UAwx1zvujxw
526,4ruO3bLd-x0
527,dzqIgwBVCas
528,ae5lttqHT_M
529,O4RN3f2d6R4
530,JaTGl1-qT6w
531,fNMqtPj9dAk
532,Kuz2AoDmsmw
533,gBYQfpiKpXo
534,qG5Q1N3UHw4
535,l4fOGEK30tE
536,X4BXgiWQNVk
537,HSMNLlle3yw
538,7WU97s96C1I
539,xpxUKM9bBww
540,9Mp0ZpjdgxM
541,qJN7ow_3hVg
542,gm2yA5M8Too
543,rtsdgcKZe7o
544,aYU2FUu9J_0
545,cBmvr3q83Qg
546,NVDvyjv5sVo
547,_108c5WQFvs
548,TrU8CewKl10
549,gzpwNXmwlts
550,tcNPkOtdTUo
